{"cameraMode":{"drawMode":0,"name":"Shaded","section":"Shading Mode"},"sceneLighting":true,"audioPlay":false,"sceneViewState":{"showFog":true,"showMaterialUpdate":false,"showSkybox":true,"showFlares":true,"showImageEffects":true,"showParticleSystems":true},"in2DMode":false,"pivot":{"x":-24.705078125,"y":2.981008529663086,"z":1.3348665237426758},"rotation":{"x":-0.008429496549069882,"y":-0.7810118794441223,"z":-0.010544336400926113,"w":0.6243702173233032},"size":17.57469367980957,"orthographic":true}